<?xml version="1.0" encoding="UTF-8"?>
<project-private xmlns="http://www.netbeans.org/ns/project-private/1">
    <editor-bookmarks xmlns="http://www.netbeans.org/ns/editor-bookmarks/2" lastBookmarkId="0"/>
    <open-files xmlns="http://www.netbeans.org/ns/projectui-open-files/2">
        <group>
            <file>file:/C:/Users/saraf/OneDrive/Desktop/git%20cloning%202/AED-Final-Project/Final%20Project%20AED/src/Business/WorkQueue/YogaAdvisorRequest.java</file>
            <file>file:/C:/Users/saraf/OneDrive/Desktop/git%20cloning%202/AED-Final-Project/Final%20Project%20AED/src/Business/Organization/Organization.java</file>
            <file>file:/C:/Users/saraf/OneDrive/Desktop/git%20cloning%202/AED-Final-Project/Final%20Project%20AED/src/userinterface/MemberRole/MemberScreenJPanel.java</file>
            <file>file:/C:/Users/saraf/OneDrive/Desktop/git%20cloning%202/AED-Final-Project/Final%20Project%20AED/src/Business/AdvisoryServices/AdvisoryServicesDirectory.java</file>
            <file>file:/C:/Users/saraf/OneDrive/Desktop/git%20cloning%202/AED-Final-Project/Final%20Project%20AED/src/Business/WorkQueue/WorkQueue.java</file>
            <file>file:/C:/Users/saraf/OneDrive/Desktop/git%20cloning%202/AED-Final-Project/Final%20Project%20AED/src/userinterface/Blogging/BloggerWorkAreaJPanel.java</file>
            <file>file:/C:/Users/saraf/OneDrive/Desktop/git%20cloning%202/AED-Final-Project/Final%20Project%20AED/src/Business/AdvisoryServices/AdvisoryServices.java</file>
            <file>file:/C:/Users/saraf/OneDrive/Desktop/git%20cloning%202/AED-Final-Project/Final%20Project%20AED/src/Business/Blog/Blog.java</file>
            <file>file:/C:/Users/saraf/OneDrive/Desktop/git%20cloning%202/AED-Final-Project/Final%20Project%20AED/src/userinterface/Signup/SignupJPanel.java</file>
            <file>file:/C:/Users/saraf/OneDrive/Desktop/git%20cloning%202/AED-Final-Project/Final%20Project%20AED/src/Business/Blog/BlogDirectory.java</file>
        </group>
    </open-files>
</project-private>
